<?xml version="1.0" encoding="UTF-8"?>
<Snapshot name="tutorial-security-data.xml">
	<softwareVersion value="1"/>
	<softwareSubVersion value="0"/>
	<default_rule value="j2"/>
	<encryption value=""/>
	<Roles>
		<Role>role1</Role>
		<Role>role2</Role>
	</Roles>
	<Groups>
		<Group>group1</Group>
		<Group>group2</Group>
	</Groups>
	<Users>
		<User name="user1">
			<credentials password="user1" enabled="TRUE" requiresUpdate="FALSE"/>
			<roles>user,role1</roles>
			<groups>group1</groups>
			<userinfo user.name.given="John" user.name.family="Smith" />
		</User>
		<User name="user2">
			<credentials password="user2" enabled="TRUE" requiresUpdate="FALSE"/>
			<roles>user,role2</roles>
			<groups>group2</groups>
			<userinfo user.name.given="Sally" user.name.family="Jones" />
		</User>
	</Users>
</Snapshot>
