------------------------------------------
-- The Jetspeed Internal Portlet App
------------------------------------------
INSERT INTO WEB_APPLICATION VALUES(1,'/jetspeed');
INSERT INTO PORTLET_APPLICATION VALUES (1, 'jetspeed', 'jetspeed', '1.0', NULL, 1);
INSERT INTO PORTLET_DEFINITION VALUES(1, 'Layout',
 'org.apache.jetspeed.portlets.layout.GenericLayoutPortlet',1,'Layout','-1',NULL);

------------------------------------------
-- Add seed data for Capability
------------------------------------------
INSERT INTO CAPABILITY (CAPABILITY_ID, CAPABILITY) VALUES(0,'HTML_3_2');
INSERT INTO CAPABILITY (CAPABILITY_ID, CAPABILITY) VALUES(1,'HTML_4_0');
INSERT INTO CAPABILITY (CAPABILITY_ID, CAPABILITY) VALUES(2,'HTML_TABLE');
INSERT INTO CAPABILITY (CAPABILITY_ID, CAPABILITY) VALUES(3,'HTML_NESTED_TABLE');
INSERT INTO CAPABILITY (CAPABILITY_ID, CAPABILITY) VALUES(4,'HTML_IMAGE');
INSERT INTO CAPABILITY (CAPABILITY_ID, CAPABILITY) VALUES(5, 'HTML_FORM');
INSERT INTO CAPABILITY (CAPABILITY_ID, CAPABILITY) VALUES(6, 'HTML_FRAME');

INSERT INTO CAPABILITY (CAPABILITY_ID, CAPABILITY) VALUES(7,'HTML_JAVA');
INSERT INTO CAPABILITY (CAPABILITY_ID, CAPABILITY) VALUES(8,'HTML_JAVA1_0');
INSERT INTO CAPABILITY (CAPABILITY_ID, CAPABILITY) VALUES(9,'HTML_JAVA1_1');
INSERT INTO CAPABILITY (CAPABILITY_ID, CAPABILITY) VALUES(10,'HTML_JAVA1_2');
INSERT INTO CAPABILITY (CAPABILITY_ID, CAPABILITY) VALUES(11,'HTML_JAVA_JRE');


INSERT INTO CAPABILITY (CAPABILITY_ID, CAPABILITY) VALUES(12,'HTML_JSCRIPT');
INSERT INTO CAPABILITY (CAPABILITY_ID, CAPABILITY) VALUES(13,'HTML_JSCRIPT1_0');
INSERT INTO CAPABILITY (CAPABILITY_ID, CAPABILITY) VALUES(14,'HTML_JSCRIPT1_1');
INSERT INTO CAPABILITY (CAPABILITY_ID, CAPABILITY) VALUES(15,'HTML_JSCRIPT1_2');
INSERT INTO CAPABILITY (CAPABILITY_ID, CAPABILITY) VALUES(16,'HTML_JAVASCRIPT');
INSERT INTO CAPABILITY (CAPABILITY_ID, CAPABILITY) VALUES(17,'HTML_JAVASCRIPT_1_0');
INSERT INTO CAPABILITY (CAPABILITY_ID, CAPABILITY) VALUES(18,'HTML_JAVASCRIPT_1_1');
INSERT INTO CAPABILITY (CAPABILITY_ID, CAPABILITY) VALUES(19,'HTML_JAVASCRIPT_1_2');

INSERT INTO CAPABILITY (CAPABILITY_ID, CAPABILITY) VALUES(20,'HTML_PLUGIN');
 
INSERT INTO CAPABILITY (CAPABILITY_ID, CAPABILITY) VALUES(21,'HTML_ACTIVEX');
INSERT INTO CAPABILITY (CAPABILITY_ID, CAPABILITY) VALUES(22,'HTML_PLUGIN');

INSERT INTO CAPABILITY (CAPABILITY_ID, CAPABILITY) VALUES(23,'HTML_CSS1');
INSERT INTO CAPABILITY (CAPABILITY_ID, CAPABILITY) VALUES(24,'HTML_CSS2');
INSERT INTO CAPABILITY (CAPABILITY_ID, CAPABILITY) VALUES(25,'HTML_CSSP');

INSERT INTO CAPABILITY (CAPABILITY_ID, CAPABILITY) VALUES(26,'HTML_IFRAME');
INSERT INTO CAPABILITY (CAPABILITY_ID, CAPABILITY) VALUES(27,'HTML_LAYER');

INSERT INTO CAPABILITY (CAPABILITY_ID, CAPABILITY) VALUES(28,'HTML_DOM_IE');
INSERT INTO CAPABILITY (CAPABILITY_ID, CAPABILITY) VALUES(29,'HTML_DOM_NS4');
INSERT INTO CAPABILITY (CAPABILITY_ID, CAPABILITY) VALUES(30,'HTML_DOM_1');
INSERT INTO CAPABILITY (CAPABILITY_ID, CAPABILITY) VALUES(31,'HTML_DOM_2');

INSERT INTO CAPABILITY (CAPABILITY_ID, CAPABILITY) VALUES(32,'WML_1_0');
INSERT INTO CAPABILITY (CAPABILITY_ID, CAPABILITY) VALUES(33,'WML_1_1');
INSERT INTO CAPABILITY (CAPABILITY_ID, CAPABILITY) VALUES(34,'WML_TABLE');

INSERT INTO CAPABILITY (CAPABILITY_ID, CAPABILITY) VALUES(35,'XML_XSLT');
INSERT INTO CAPABILITY (CAPABILITY_ID, CAPABILITY) VALUES(36,'XML_XPATH');
INSERT INTO CAPABILITY (CAPABILITY_ID, CAPABILITY) VALUES(37,'XML_XINCLUDE');

INSERT INTO CAPABILITY (CAPABILITY_ID, CAPABILITY) VALUES(38,'HTTP_1_1');
INSERT INTO CAPABILITY (CAPABILITY_ID, CAPABILITY) VALUES(39,'HTTP_COOKIE');

INSERT INTO CAPABILITY (CAPABILITY_ID, CAPABILITY) VALUES(40,'HTML_XML');
INSERT INTO CAPABILITY (CAPABILITY_ID, CAPABILITY) VALUES(41,'HTML_XSL');
INSERT INTO CAPABILITY (CAPABILITY_ID, CAPABILITY) VALUES(42,'HTML_DOM');

---------------------------------------------------------------------------
-- MIME TYPES
---------------------------------------------------------------------------
INSERT INTO MIMETYPE (MIMETYPE_ID, NAME) VALUES(0,'text/html');
INSERT INTO MIMETYPE (MIMETYPE_ID, NAME) VALUES(1,'text/vnd.wap.wml');
INSERT INTO MIMETYPE (MIMETYPE_ID, NAME) VALUES(2,'text/vxml');
INSERT INTO MIMETYPE (MIMETYPE_ID, NAME) VALUES(3,'text/xml');
INSERT INTO MIMETYPE (MIMETYPE_ID, NAME) VALUES(4,'text/xhtml');

----------------------------------------------------------------------------
-- Supported clients
----------------------------------------------------------------------------
INSERT INTO CLIENT (CLIENT_ID,NAME,	USER_AGENT_PATTERN,MANUFACTURER,MODEL ,VERSION)
VALUES(1,'ie5','.*MSIE 5.*','Microsoft','None','5.5');

INSERT INTO CLIENT (CLIENT_ID,NAME,	USER_AGENT_PATTERN,MANUFACTURER,MODEL ,VERSION)
VALUES(2,'ns4','.*Mozilla/4.*','Netscape','None','4.75');

INSERT INTO CLIENT (CLIENT_ID,NAME,	USER_AGENT_PATTERN,MANUFACTURER,MODEL ,VERSION)
VALUES(3,'mozilla','.*Mozilla/5.*','Mozilla','Mozilla','1.x');

INSERT INTO CLIENT (CLIENT_ID,NAME,	USER_AGENT_PATTERN,MANUFACTURER,MODEL ,VERSION)
VALUES(4,'lynx','Lynx.*','GNU','None','');

INSERT INTO CLIENT (CLIENT_ID,NAME,	USER_AGENT_PATTERN,MANUFACTURER,MODEL ,VERSION)
VALUES(5,'nokia_generic','Nokia.*','Nokia','Generic','');

INSERT INTO CLIENT (CLIENT_ID,NAME,	USER_AGENT_PATTERN,MANUFACTURER,MODEL ,VERSION)
VALUES(6,'up','UP.*|.*UP\.Browser.*','United Planet','Generic','');

INSERT INTO CLIENT (CLIENT_ID,NAME,	USER_AGENT_PATTERN,MANUFACTURER,MODEL ,VERSION)
VALUES(7,'sonyericsson','Ercis.*|SonyE.*','SonyEricsson','Generic','');

INSERT INTO CLIENT (CLIENT_ID,NAME,	USER_AGENT_PATTERN,MANUFACTURER,MODEL ,VERSION)
VALUES(8,'wapalizer','Wapalizer.*','Wapalizer','Generic','');

INSERT INTO CLIENT (CLIENT_ID,NAME,	USER_AGENT_PATTERN,MANUFACTURER,MODEL ,VERSION)
VALUES(9,'klondike','Klondike.*','Klondike','Generic','');

INSERT INTO CLIENT (CLIENT_ID,NAME,	USER_AGENT_PATTERN,MANUFACTURER,MODEL ,VERSION)
VALUES(10,'wml_generic','.*WML.*|.*WAP.*|.*Wap.*|.*wml.*','Generic','Generic','');

INSERT INTO CLIENT (CLIENT_ID,NAME,	USER_AGENT_PATTERN,MANUFACTURER,MODEL ,VERSION)
VALUES(11,'vxml_generic','.*VoiceXML.*','Generic','Generic','');

INSERT INTO CLIENT (CLIENT_ID,NAME,	USER_AGENT_PATTERN,MANUFACTURER,MODEL ,VERSION)
VALUES(12,'nuance','Nuance.*','Nuance','Generic','');

INSERT INTO CLIENT (CLIENT_ID,NAME,	USER_AGENT_PATTERN,MANUFACTURER,MODEL ,VERSION)
VALUES(13,'agentxml','agentxml/1.0.*','Unknown','Generic','');

----------------------------------------------------------------------------------------
-- Supported Media types
----------------------------------------------------------------------------------------
INSERT INTO MEDIA_TYPE (MEDIATYPE_ID,NAME, CHARACTER_SET, TITLE, DESCRIPTION)
VALUES(0,'html','UTF-8','HTML','Rich HTML for HTML 4.0 compliants browsers');

INSERT INTO MEDIA_TYPE (MEDIATYPE_ID,NAME, CHARACTER_SET, TITLE, DESCRIPTION)
VALUES(1,'wml','UTF-8','WML','Format for mobile phones and PDAs compatible with WML 1.1');

INSERT INTO MEDIA_TYPE (MEDIATYPE_ID,NAME, CHARACTER_SET, TITLE, DESCRIPTION)
VALUES(2,'vxml','UTF-8','VoiceXML','Format suitable for use with an audio VoiceXML server');

INSERT INTO MEDIA_TYPE (MEDIATYPE_ID,NAME, CHARACTER_SET, TITLE, DESCRIPTION)
VALUES(3,'xml','','XML','XML 1.0');

------------------------------------------------------
-- Client association
------------------------------------------------------

-- Client To Capability

INSERT INTO CLIENT_TO_CAPABILITY(CLIENT_ID,CAPABILITY_ID )VALUES(1,0);
INSERT INTO CLIENT_TO_CAPABILITY(CLIENT_ID,CAPABILITY_ID )VALUES(1,7);
INSERT INTO CLIENT_TO_CAPABILITY(CLIENT_ID,CAPABILITY_ID )VALUES(1,16);
INSERT INTO CLIENT_TO_CAPABILITY(CLIENT_ID,CAPABILITY_ID )VALUES(1,2);
INSERT INTO CLIENT_TO_CAPABILITY(CLIENT_ID,CAPABILITY_ID )VALUES(1,3);
INSERT INTO CLIENT_TO_CAPABILITY(CLIENT_ID,CAPABILITY_ID )VALUES(1,5);
INSERT INTO CLIENT_TO_CAPABILITY(CLIENT_ID,CAPABILITY_ID )VALUES(1,6);
INSERT INTO CLIENT_TO_CAPABILITY(CLIENT_ID,CAPABILITY_ID )VALUES(1,4);
INSERT INTO CLIENT_TO_CAPABILITY(CLIENT_ID,CAPABILITY_ID )VALUES(1,21);
INSERT INTO CLIENT_TO_CAPABILITY(CLIENT_ID,CAPABILITY_ID )VALUES(1,23);
INSERT INTO CLIENT_TO_CAPABILITY(CLIENT_ID,CAPABILITY_ID )VALUES(1,24);
INSERT INTO CLIENT_TO_CAPABILITY(CLIENT_ID,CAPABILITY_ID )VALUES(1,25);
INSERT INTO CLIENT_TO_CAPABILITY(CLIENT_ID,CAPABILITY_ID )VALUES(1,26);
INSERT INTO CLIENT_TO_CAPABILITY(CLIENT_ID,CAPABILITY_ID )VALUES(1,28);
INSERT INTO CLIENT_TO_CAPABILITY(CLIENT_ID,CAPABILITY_ID )VALUES(1,39);

INSERT INTO CLIENT_TO_CAPABILITY(CLIENT_ID,CAPABILITY_ID )VALUES(2,0);
INSERT INTO CLIENT_TO_CAPABILITY(CLIENT_ID,CAPABILITY_ID )VALUES(2,7);
INSERT INTO CLIENT_TO_CAPABILITY(CLIENT_ID,CAPABILITY_ID )VALUES(2,16);
INSERT INTO CLIENT_TO_CAPABILITY(CLIENT_ID,CAPABILITY_ID )VALUES(2,2);
INSERT INTO CLIENT_TO_CAPABILITY(CLIENT_ID,CAPABILITY_ID )VALUES(2,5);
INSERT INTO CLIENT_TO_CAPABILITY(CLIENT_ID,CAPABILITY_ID )VALUES(2,6);
INSERT INTO CLIENT_TO_CAPABILITY(CLIENT_ID,CAPABILITY_ID )VALUES(2,4);
INSERT INTO CLIENT_TO_CAPABILITY(CLIENT_ID,CAPABILITY_ID )VALUES(2,23);
INSERT INTO CLIENT_TO_CAPABILITY(CLIENT_ID,CAPABILITY_ID )VALUES(2,27);
INSERT INTO CLIENT_TO_CAPABILITY(CLIENT_ID,CAPABILITY_ID )VALUES(2,20);
INSERT INTO CLIENT_TO_CAPABILITY(CLIENT_ID,CAPABILITY_ID )VALUES(2,29);
INSERT INTO CLIENT_TO_CAPABILITY(CLIENT_ID,CAPABILITY_ID )VALUES(2,39);

INSERT INTO CLIENT_TO_CAPABILITY(CLIENT_ID,CAPABILITY_ID )VALUES(3,0);
INSERT INTO CLIENT_TO_CAPABILITY(CLIENT_ID,CAPABILITY_ID )VALUES(3,1);
INSERT INTO CLIENT_TO_CAPABILITY(CLIENT_ID,CAPABILITY_ID )VALUES(3,7);
INSERT INTO CLIENT_TO_CAPABILITY(CLIENT_ID,CAPABILITY_ID )VALUES(3,11);
INSERT INTO CLIENT_TO_CAPABILITY(CLIENT_ID,CAPABILITY_ID )VALUES(3,16);
INSERT INTO CLIENT_TO_CAPABILITY(CLIENT_ID,CAPABILITY_ID )VALUES(3,2);
INSERT INTO CLIENT_TO_CAPABILITY(CLIENT_ID,CAPABILITY_ID )VALUES(3,3);
INSERT INTO CLIENT_TO_CAPABILITY(CLIENT_ID,CAPABILITY_ID )VALUES(3,5);
INSERT INTO CLIENT_TO_CAPABILITY(CLIENT_ID,CAPABILITY_ID )VALUES(3,6);
INSERT INTO CLIENT_TO_CAPABILITY(CLIENT_ID,CAPABILITY_ID )VALUES(3,26);
INSERT INTO CLIENT_TO_CAPABILITY(CLIENT_ID,CAPABILITY_ID )VALUES(3,4);
INSERT INTO CLIENT_TO_CAPABILITY(CLIENT_ID,CAPABILITY_ID )VALUES(3,23);
INSERT INTO CLIENT_TO_CAPABILITY(CLIENT_ID,CAPABILITY_ID )VALUES(3,24);
INSERT INTO CLIENT_TO_CAPABILITY(CLIENT_ID,CAPABILITY_ID )VALUES(3,25);
INSERT INTO CLIENT_TO_CAPABILITY(CLIENT_ID,CAPABILITY_ID )VALUES(3,30);
INSERT INTO CLIENT_TO_CAPABILITY(CLIENT_ID,CAPABILITY_ID )VALUES(3,22);
INSERT INTO CLIENT_TO_CAPABILITY(CLIENT_ID,CAPABILITY_ID )VALUES(3,39);

INSERT INTO CLIENT_TO_CAPABILITY(CLIENT_ID,CAPABILITY_ID )VALUES(4,2);
INSERT INTO CLIENT_TO_CAPABILITY(CLIENT_ID,CAPABILITY_ID )VALUES(4,3);
INSERT INTO CLIENT_TO_CAPABILITY(CLIENT_ID,CAPABILITY_ID )VALUES(4,5);
INSERT INTO CLIENT_TO_CAPABILITY(CLIENT_ID,CAPABILITY_ID )VALUES(4,6);
INSERT INTO CLIENT_TO_CAPABILITY(CLIENT_ID,CAPABILITY_ID )VALUES(4,39);


-- Client To Mimetype

INSERT INTO CLIENT_TO_MIMETYPE(CLIENT_ID ,MIMETYPE_ID)VALUES(1,0);
INSERT INTO CLIENT_TO_MIMETYPE(CLIENT_ID ,MIMETYPE_ID)VALUES(1,3);

INSERT INTO CLIENT_TO_MIMETYPE(CLIENT_ID ,MIMETYPE_ID)VALUES(2,0);

INSERT INTO CLIENT_TO_MIMETYPE(CLIENT_ID ,MIMETYPE_ID)VALUES(3,0);
INSERT INTO CLIENT_TO_MIMETYPE(CLIENT_ID ,MIMETYPE_ID)VALUES(3,4);
INSERT INTO CLIENT_TO_MIMETYPE(CLIENT_ID ,MIMETYPE_ID)VALUES(3,3);

INSERT INTO CLIENT_TO_MIMETYPE(CLIENT_ID ,MIMETYPE_ID)VALUES(4,0);

INSERT INTO CLIENT_TO_MIMETYPE(CLIENT_ID ,MIMETYPE_ID)VALUES(5,1);

INSERT INTO CLIENT_TO_MIMETYPE(CLIENT_ID ,MIMETYPE_ID)VALUES(6,1);

INSERT INTO CLIENT_TO_MIMETYPE(CLIENT_ID ,MIMETYPE_ID)VALUES(7,1);

INSERT INTO CLIENT_TO_MIMETYPE(CLIENT_ID ,MIMETYPE_ID)VALUES(8,1);

INSERT INTO CLIENT_TO_MIMETYPE(CLIENT_ID ,MIMETYPE_ID)VALUES(9,1);

INSERT INTO CLIENT_TO_MIMETYPE(CLIENT_ID ,MIMETYPE_ID)VALUES(10,1);

INSERT INTO CLIENT_TO_MIMETYPE(CLIENT_ID ,MIMETYPE_ID)VALUES(11,2);

INSERT INTO CLIENT_TO_MIMETYPE(CLIENT_ID ,MIMETYPE_ID)VALUES(12,2);

INSERT INTO CLIENT_TO_MIMETYPE(CLIENT_ID ,MIMETYPE_ID)VALUES(13,3);

----------------------------------------------------
-- Media Type association
----------------------------------------------------

-- Media Type To Capability

-- Media Type To Mimetype

INSERT INTO MEDIATYPE_TO_MIMETYPE(MEDIATYPE_ID ,MIMETYPE_ID)VALUES(0,0);
INSERT INTO MEDIATYPE_TO_MIMETYPE(MEDIATYPE_ID ,MIMETYPE_ID)VALUES(1,1);
INSERT INTO MEDIATYPE_TO_MIMETYPE(MEDIATYPE_ID ,MIMETYPE_ID)VALUES(2,2);
INSERT INTO MEDIATYPE_TO_MIMETYPE(MEDIATYPE_ID ,MIMETYPE_ID)VALUES(3,3);

-----------------------
-- Profiler
-----------------------
insert into PROFILING_RULE values ('j1', 
   'org.apache.jetspeed.profiler.rules.impl.StandardProfilingRule',
   'The default profiling rule following the Jetspeed-1 hard-coded profiler fallback algorithm.');
insert into RULE_CRITERION values (1, 'j1', 0, 'standard', 'desktop', 'default-desktop', 0);
insert into RULE_CRITERION values (2, 'j1', 1, 'standard', 'page', 'default-page', 0);
insert into RULE_CRITERION values (3, 'j1', 2, 'standard', 'group.role.user', null, 0);
insert into RULE_CRITERION values (4, 'j1', 3, 'standard', 'mediatype', null, 1);
insert into RULE_CRITERION values (5, 'j1', 4, 'standard', 'language', null, 1);
insert into RULE_CRITERION values (6, 'j1', 5, 'standard', 'country', null, 1);

insert into PROFILING_RULE values ('role-fallback', 
     'org.apache.jetspeed.profiler.rules.impl.RoleFallbackProfilingRule',
     'A role based fallback algorithm based on Jetspeed-1 role-based fallback');
insert into RULE_CRITERION values (7, 'role-fallback', 0, 'standard', 'desktop', 'default-desktop', 0);
insert into RULE_CRITERION values (8, 'role-fallback', 1, 'standard', 'page', 'default-page', 0);
insert into RULE_CRITERION values (9, 'role-fallback', 2, 'standard', 'roles', null, 2);
insert into RULE_CRITERION values (10, 'role-fallback', 3, 'standard', 'mediatype', null, 1);
insert into RULE_CRITERION values (11, 'role-fallback', 4, 'standard', 'language', null, 1);
insert into RULE_CRITERION values (12, 'role-fallback', 5, 'standard', 'country', null, 1);

insert into PRINCIPAL_RULE_ASSOC values ( 'anon', 'j1' );



