<?xml version="1.0" encoding="UTF-8"?>
<portlet-app id='phppa' xmlns="http://java.sun.com/xml/ns/portlet/portlet-app_1_0.xsd" version="1.0" xmlns:xsi="http://www.w3.org/2001/XMLSchema-instance" xsi:schemaLocation="http://java.sun.com/xml/ns/portlet/portlet-app_1_0.xsd http://java.sun.com/xml/ns/portlet/portlet-app_1_0.xsd">

<portlet>        
    <description>Welcome to JetExpress</description>		
    <portlet-name>WelcomeJetExpress</portlet-name>	
    <display-name>Welcome Jet Express</display-name>
    <portlet-class>org.apache.portals.gems.file.FilePortlet</portlet-class>	        
    <supports>
        <mime-type>text/html</mime-type>
        <portlet-mode>VIEW</portlet-mode>
    </supports>
    <supported-locale>en</supported-locale>      	
	<portlet-info>
        <title>Welcome</title>
        <short-title>JetExpress</short-title>
		<keywords>welcome, express, jetexpress</keywords>
    </portlet-info>
    <portlet-preferences>
        <preference>                            
            <name>file</name>                    
            <value>content/welcome.html</value>    
        </preference>         
    </portlet-preferences>                      		
</portlet> 

  
    <portlet>
        <description>StockQuote</description>		
        <portlet-name>StockQuote</portlet-name>	
        <display-name>StockQuote Portlet</display-name>
        <portlet-class>com.bluesunrise.portal.portlets.ws.StockQuotePortlet</portlet-class>	        
        <init-param>
            <name>ViewPage</name>
            <value>/WEB-INF/view/stockquote.jsp</value>
        </init-param>
        <init-param>
            <name>service_url</name>
            <value>http://www.bluesunrise.com/axis/services/QuoteService</value>
        </init-param>		
        <supports>
			<mime-type>text/html</mime-type>
            <portlet-mode>VIEW</portlet-mode>
 		</supports>
        <supported-locale>en</supported-locale>      	
		<portlet-info>
            <title>StockQuote</title>
            <short-title>StockQuote</short-title>
			<keywords>stock,finance,quote,money,market</keywords>
        </portlet-info>
	</portlet>

<portlet id="NPR-Research">
    <description>NPR RSS Research</description>    
    <portlet-name>NPR-Research</portlet-name>
    <display-name>NPR Research</display-name>
    <portlet-class>org.apache.portals.applications.rss.RomeRSSPortlet</portlet-class>
	<init-param>
		<name>AllowPreferences</name>
		<value>true</value>
	</init-param>
	<init-param>
		<name>ViewPage</name>
		<value>/WEB-INF/view/rss/rss-view.vm</value>
	</init-param>	
    <init-param>
      <name>HelpPage</name>
      <value>/WEB-INF/view/rss/rss-help.html</value>
    </init-param>	
    <init-param>
      <name>EditPage</name>
      <value>/WEB-INF/view/edit-prefs.vm</value>
    </init-param>			    
    <expiration-cache>15</expiration-cache>
    <supports>
      <mime-type>text/html</mime-type>
      <portlet-mode>VIEW</portlet-mode>
      <portlet-mode>EDIT</portlet-mode>	  
      <portlet-mode>HELP</portlet-mode>	  	  
    </supports>
    <supports>
      <mime-type>text/vnd.wap.wml</mime-type>
      <portlet-mode>VIEW</portlet-mode>	  
	</supports>	
    <supported-locale>en</supported-locale>
    <resource-bundle>org.apache.portals.applications.rss.resources.RssResources</resource-bundle>
    <portlet-info>
      <title>NPR Research News</title>
      <short-title>Research</short-title>
      <keywords>RSS,NPR,research,news</keywords>
    </portlet-info>	
	<portlet-preferences>
		<preference>
			<name>url</name>
			<value>http://www.npr.org/rss/rss.php?id=1024</value>		
		</preference>	
		<preference>
			<name>itemdisplayed</name>
			<value>15</value>		
		</preference>
		<preference>
			<name>openinpopup</name>
			<value>true</value>		
		</preference>
		<preference>
			<name>showdescription</name>
			<value>true</value>		
		</preference>	
		<preference>
			<name>showtitle</name>
			<value>true</value>		
		</preference>
		<preference>
			<name>showtextinput</name>
			<value>false</value>		
		</preference>		
	</portlet-preferences>		
</portlet>
   
    <portlet>
        <description>Contact Us</description>		
        <portlet-name>ContactUs</portlet-name>	
        <display-name>Contact Us</display-name>
        <portlet-class>org.apache.portals.gems.file.FilePortlet</portlet-class>	        
        <supports>
            <mime-type>text/html</mime-type>
            <portlet-mode>VIEW</portlet-mode>
        </supports>
        <supported-locale>en</supported-locale>      	
        <portlet-info>
            <title>Contact Us</title>
            <short-title>Contact Us</short-title>
            <keywords>contact, contact us</keywords>
        </portlet-info>
        <portlet-preferences>
            <preference>                            
                <name>file</name>                    
                <value>content/contact-us.html</value>    
            </preference>         
        </portlet-preferences>                      		
	</portlet>
    
  	<portlet id="weather">
		<description>Weather Underground Portlet</description>
		<portlet-name>WeatherTutorialPortlet</portlet-name>
		<display-name>Weather Tutorial</display-name>
		<portlet-class>com.bluesunrise.portal.portlets.WeatherPortlet</portlet-class>
        <init-param>
            <name>ViewPage</name>
            <value>/WEB-INF/view/weather.vm</value>
        </init-param>		        
        <init-param>
            <name>EditPage</name>
            <value>/WEB-INF/view/edit-prefs.vm</value>
        </init-param>			
		<expiration-cache>0</expiration-cache>
		<supports>
			<mime-type>text/html</mime-type>
			<portlet-mode>VIEW</portlet-mode>
		    <portlet-mode>EDIT</portlet-mode>	  
		</supports>
		<supported-locale>en</supported-locale>        
        <portlet-info>
           <title>Weather</title>
           <short-title>Weather</short-title>
           <keywords>weather,tutorial</keywords>
        </portlet-info>        
        <portlet-preferences>
		<preference>
			<name>weather_state</name>
			<value>CA</value>
		</preference>
		<preference>
			<name>weather_city</name>
			<value>Petaluma</value>
		</preference>
		<preference>
			<name>weather_station</name>
			<value></value>
		</preference>
		<preference>
			<name>weather_style</name>
			<value>infobox</value>
		</preference>
		</portlet-preferences>
	</portlet>         

  	<portlet id="flash">
		<description>Flash and Flex generic portlet</description>
		<portlet-name>FlashPortlet</portlet-name>
		<display-name>Flash and Flex Tutorial</display-name>
		<portlet-class>com.bluesunrise.portal.portlets.FlashPortlet</portlet-class>
        <init-param>
            <name>ViewPage</name>
            <value>/WEB-INF/view/flash-demo.vm</value>
        </init-param>		        
        <init-param>
            <name>EditPage</name>
            <value>/WEB-INF/view/edit-prefs.vm</value>
        </init-param>			
		<expiration-cache>0</expiration-cache>
		<supports>
			<mime-type>text/html</mime-type>
			<portlet-mode>VIEW</portlet-mode>
		    <portlet-mode>EDIT</portlet-mode>	  
		</supports>
		<supported-locale>en</supported-locale>        
        <portlet-info>
           <title>Flash Demo</title>
           <short-title>Flash</short-title>
           <keywords>flash,flex,SWF,FLA</keywords>
        </portlet-info>        
        <portlet-preferences>
         <preference>
            <name>SRC</name>
            <value>/demo/WEB-INF/SWF/Clock.swf</value>
         </preference>
         <preference>
            <name>HEIGHT</name>
            <value>305</value>
         </preference>
         <preference>
            <name>WIDTH</name>
            <value>303</value>
         </preference>
         <preference>
            <name>MAX-SRC</name>
            <value>/demo/WEB-INF/SWF/Paycheck_calculator.swf</value>
         </preference>            
         <preference>
            <name>MAX-HEIGHT</name>
            <value>400</value>
         </preference>
         <preference>
            <name>MAX-WIDTH</name>
            <value>502</value>
         </preference>          
      </portlet-preferences>            
	</portlet> 
	
</portlet-app>
